Date,Open,High,Low,Close,Volume
2025-02-14T15:59:00.000Z,156.21,156.23,156.06,156.06,4162
2025-02-14T15:58:00.000Z,156.2,156.23,156.16,156.2,1663
2025-02-14T15:57:00.000Z,156.2,156.25,156.17,156.21,2193
2025-02-14T15:56:00.000Z,156.19,156.27,156.17,156.19,1771
2025-02-14T15:55:00.000Z,156.34,156.37,156.2,156.2,2858
2025-02-14T15:54:00.000Z,156.41,156.41,156.33,156.34,1224
2025-02-14T15:53:00.000Z,156.53,156.54,156.47,156.48,1089
2025-02-14T15:52:00.000Z,156.4,156.55,156.39,156.55,1449
2025-02-14T15:51:00.000Z,156.48,156.51,156.34,156.35,1655
2025-02-14T15:50:00.000Z,156.69,156.69,156.43,156.47,4054
2025-02-14T15:49:00.000Z,156.66,156.71,156.66,156.71,2145
2025-02-14T15:48:00.000Z,156.65,156.67,156.65,156.66,4249
2025-02-14T15:47:00.000Z,156.61,156.68,156.6,156.67,2603
2025-02-14T15:46:00.000Z,156.6,156.65,156.59,156.61,1559
2025-02-14T15:45:00.000Z,156.59,156.62,156.58,156.59,2111
2025-02-14T15:44:00.000Z,156.56,156.65,156.55,156.59,1460
2025-02-14T15:43:00.000Z,156.72,156.72,156.55,156.55,1367
2025-02-14T15:42:00.000Z,156.73,156.74,156.71,156.71,6688
2025-02-14T15:41:00.000Z,156.72,156.74,156.7,156.71,2939
2025-02-14T15:40:00.000Z,156.72,156.74,156.71,156.72,2905
2025-02-14T15:39:00.000Z,156.69,156.72,156.69,156.72,1134
2025-02-14T15:38:00.000Z,156.71,156.72,156.67,156.67,872
2025-02-14T15:37:00.000Z,156.68,156.72,156.65,156.71,1141
2025-02-14T15:36:00.000Z,156.55,156.68,156.54,156.67,1269
2025-02-14T15:35:00.000Z,156.48,156.56,156.48,156.56,584
2025-02-14T15:34:00.000Z,156.48,156.52,156.47,156.52,928
2025-02-14T15:33:00.000Z,156.53,156.53,156.49,156.49,888
2025-02-14T15:32:00.000Z,156.5,156.53,156.5,156.52,958
2025-02-14T15:31:00.000Z,156.49,156.51,156.49,156.51,540
2025-02-14T15:30:00.000Z,156.48,156.48,156.47,156.47,305
2025-02-14T15:29:00.000Z,156.47,156.49,156.46,156.49,1591
2025-02-14T15:28:00.000Z,156.48,156.48,156.47,156.48,358
2025-02-14T15:27:00.000Z,156.47,156.51,156.47,156.49,408
2025-02-14T15:26:00.000Z,156.55,156.56,156.52,156.52,313
2025-02-14T15:25:00.000Z,156.6,156.6,156.57,156.57,682
2025-02-14T15:24:00.000Z,156.61,156.61,156.57,156.6,1275
2025-02-14T15:23:00.000Z,156.59,156.59,156.57,156.57,400
2025-02-14T15:22:00.000Z,156.6,156.61,156.59,156.59,410
2025-02-14T15:21:00.000Z,156.6,156.6,156.59,156.6,209
2025-02-14T15:20:00.000Z,156.64,156.64,156.6,156.6,212
2025-02-14T15:19:00.000Z,156.62,156.63,156.61,156.61,1185
2025-02-14T15:18:00.000Z,156.64,156.64,156.61,156.63,1028
2025-02-14T15:17:00.000Z,156.55,156.63,156.55,156.63,86
2025-02-14T15:16:00.000Z,156.63,156.63,156.55,156.55,527
2025-02-14T15:15:00.000Z,156.66,156.67,156.64,156.64,504
2025-02-14T15:14:00.000Z,156.69,156.69,156.64,156.65,1116
2025-02-14T15:13:00.000Z,156.75,156.75,156.67,156.68,407
2025-02-14T15:12:00.000Z,156.75,156.75,156.75,156.75,200
2025-02-14T15:11:00.000Z,156.8,156.81,156.78,156.78,552
2025-02-14T15:10:00.000Z,156.79,156.8,156.79,156.8,301
2025-02-14T15:09:00.000Z,156.78,156.79,156.77,156.79,549
2025-02-14T15:08:00.000Z,156.74,156.77,156.74,156.77,332
2025-02-14T15:07:00.000Z,156.75,156.76,156.74,156.76,400
2025-02-14T15:06:00.000Z,156.71,156.76,156.7,156.72,741
2025-02-14T15:05:00.000Z,156.69,156.71,156.68,156.68,713
2025-02-14T15:04:00.000Z,156.68,156.68,156.67,156.67,506
2025-02-14T15:03:00.000Z,156.71,156.72,156.63,156.67,702
2025-02-14T15:02:00.000Z,156.73,156.73,156.71,156.71,300
2025-02-14T15:01:00.000Z,156.77,156.8,156.76,156.78,1411
2025-02-14T15:00:00.000Z,156.73,156.74,156.71,156.74,719
2025-02-14T14:59:00.000Z,156.67,156.73,156.67,156.73,558
2025-02-14T14:58:00.000Z,156.66,156.66,156.65,156.65,234
2025-02-14T14:57:00.000Z,156.66,156.67,156.63,156.67,20
2025-02-14T14:56:00.000Z,156.85,156.85,156.69,156.69,1862
2025-02-14T14:55:00.000Z,156.86,156.86,156.84,156.84,399
2025-02-14T14:54:00.000Z,156.88,156.88,156.87,156.87,212
2025-02-14T14:53:00.000Z,156.88,156.9,156.88,156.9,398
2025-02-14T14:52:00.000Z,156.91,156.92,156.87,156.87,400
2025-02-14T14:51:00.000Z,156.92,156.93,156.91,156.93,301
2025-02-14T14:50:00.000Z,156.88,156.9,156.88,156.9,203
2025-02-14T14:49:00.000Z,156.88,156.88,156.86,156.88,300
2025-02-14T14:48:00.000Z,156.91,156.91,156.87,156.88,685
2025-02-14T14:47:00.000Z,156.93,156.93,156.93,156.93,110
2025-02-14T14:46:00.000Z,156.93,156.94,156.93,156.94,496
2025-02-14T14:45:00.000Z,157.01,157.01,156.93,156.93,764
2025-02-14T14:44:00.000Z,156.99,157.02,156.99,157.01,1250
2025-02-14T14:43:00.000Z,156.96,156.99,156.96,156.99,1147
2025-02-14T14:42:00.000Z,156.92,156.95,156.92,156.95,529
2025-02-14T14:41:00.000Z,156.92,156.94,156.92,156.94,108
2025-02-14T14:40:00.000Z,156.95,156.95,156.95,156.95,300
2025-02-14T14:39:00.000Z,156.99,156.99,156.98,156.98,695
2025-02-14T14:38:00.000Z,156.96,156.99,156.96,156.98,324
2025-02-14T14:37:00.000Z,156.97,156.97,156.97,156.97,29
2025-02-14T14:36:00.000Z,156.95,156.96,156.95,156.95,177
2025-02-14T14:35:00.000Z,156.93,156.95,156.93,156.95,431
2025-02-14T14:34:00.000Z,156.93,156.94,156.93,156.93,409
2025-02-14T14:33:00.000Z,156.93,156.93,156.93,156.93,344
2025-02-14T14:31:00.000Z,156.95,156.96,156.94,156.95,1139
2025-02-14T14:30:00.000Z,156.9,156.94,156.9,156.92,852
2025-02-14T14:29:00.000Z,156.9,156.9,156.89,156.9,700
2025-02-14T14:28:00.000Z,156.91,156.91,156.89,156.89,202
2025-02-14T14:27:00.000Z,156.91,156.91,156.9,156.9,423
2025-02-14T14:26:00.000Z,156.9,156.91,156.9,156.9,478
2025-02-14T14:25:00.000Z,156.9,156.91,156.9,156.9,403
2025-02-14T14:24:00.000Z,156.91,156.91,156.9,156.9,406
2025-02-14T14:23:00.000Z,156.91,156.91,156.9,156.91,606
2025-02-14T14:22:00.000Z,156.9,156.91,156.9,156.91,204
2025-02-14T14:21:00.000Z,156.91,156.91,156.9,156.9,200
2025-02-14T14:20:00.000Z,156.9,156.93,156.9,156.93,287
2025-02-14T14:19:00.000Z,156.91,156.91,156.9,156.91,209
2025-02-14T14:18:00.000Z,156.92,156.92,156.86,156.91,1348
2025-02-14T14:17:00.000Z,156.92,156.92,156.92,156.92,224
2025-02-14T14:16:00.000Z,156.93,156.93,156.91,156.92,400
2025-02-14T14:15:00.000Z,156.9,156.91,156.9,156.9,798
2025-02-14T14:14:00.000Z,156.9,156.91,156.9,156.9,700
2025-02-14T14:13:00.000Z,156.9,156.9,156.9,156.9,109
2025-02-14T14:12:00.000Z,156.9,156.9,156.9,156.9,566
2025-02-14T14:11:00.000Z,156.9,156.91,156.89,156.9,1107
2025-02-14T14:10:00.000Z,156.91,156.92,156.91,156.91,7
2025-02-14T14:09:00.000Z,156.89,156.92,156.89,156.92,600
2025-02-14T14:08:00.000Z,156.9,156.91,156.9,156.9,522
2025-02-14T14:07:00.000Z,156.91,156.91,156.89,156.9,903
2025-02-14T14:06:00.000Z,156.9,156.93,156.89,156.9,523
2025-02-14T14:05:00.000Z,156.93,156.93,156.93,156.93,14
2025-02-14T14:04:00.000Z,156.94,156.95,156.94,156.95,109
2025-02-14T14:03:00.000Z,157,157.01,156.95,156.95,755
2025-02-14T14:02:00.000Z,156.96,156.97,156.95,156.97,222
2025-02-14T14:01:00.000Z,156.93,156.96,156.93,156.96,424
2025-02-14T14:00:00.000Z,156.91,156.93,156.91,156.93,300
2025-02-14T13:59:00.000Z,156.85,156.91,156.85,156.91,411
2025-02-14T13:58:00.000Z,156.8,156.82,156.79,156.82,90
2025-02-14T13:57:00.000Z,156.77,156.8,156.76,156.8,166
2025-02-14T13:56:00.000Z,156.77,156.77,156.77,156.77,51
2025-02-14T13:55:00.000Z,156.75,156.77,156.75,156.77,235
2025-02-14T13:54:00.000Z,156.77,156.77,156.76,156.76,270
2025-02-14T13:53:00.000Z,156.77,156.8,156.76,156.78,239
2025-02-14T13:52:00.000Z,156.78,156.78,156.76,156.76,307
2025-02-14T13:51:00.000Z,156.79,156.79,156.78,156.78,25
2025-02-14T13:50:00.000Z,156.78,156.78,156.78,156.78,200
2025-02-14T13:49:00.000Z,156.77,156.78,156.77,156.78,64
2025-02-14T13:48:00.000Z,156.78,156.78,156.77,156.77,222
2025-02-14T13:47:00.000Z,156.8,156.82,156.8,156.8,441
2025-02-14T13:46:00.000Z,156.8,156.8,156.8,156.8,100
2025-02-14T13:45:00.000Z,156.81,156.82,156.81,156.82,202
2025-02-14T13:44:00.000Z,156.83,156.83,156.8,156.8,294
2025-02-14T13:43:00.000Z,156.86,156.86,156.81,156.82,408
2025-02-14T13:42:00.000Z,156.86,156.89,156.85,156.87,1483
2025-02-14T13:41:00.000Z,156.84,156.86,156.84,156.86,411
2025-02-14T13:40:00.000Z,156.83,156.84,156.83,156.84,305
2025-02-14T13:39:00.000Z,156.78,156.8,156.78,156.8,382
2025-02-14T13:38:00.000Z,156.76,156.8,156.76,156.79,696
2025-02-14T13:37:00.000Z,156.79,156.79,156.75,156.76,337
2025-02-14T13:36:00.000Z,156.76,156.79,156.73,156.79,2189
2025-02-14T13:35:00.000Z,156.76,156.78,156.75,156.75,470
2025-02-14T13:34:00.000Z,156.77,156.77,156.76,156.77,4
2025-02-14T13:33:00.000Z,156.69,156.73,156.69,156.73,144
2025-02-14T13:32:00.000Z,156.65,156.65,156.65,156.65,100
2025-02-14T13:31:00.000Z,156.63,156.65,156.63,156.65,204
2025-02-14T13:30:00.000Z,156.72,156.73,156.62,156.63,1482
2025-02-14T13:29:00.000Z,156.72,156.73,156.71,156.73,500
2025-02-14T13:28:00.000Z,156.73,156.73,156.71,156.71,222
2025-02-14T13:27:00.000Z,156.71,156.72,156.71,156.72,68
2025-02-14T13:26:00.000Z,156.7,156.7,156.7,156.7,200
2025-02-14T13:25:00.000Z,156.73,156.73,156.73,156.73,400
2025-02-14T13:24:00.000Z,156.75,156.75,156.72,156.72,112
2025-02-14T13:23:00.000Z,156.73,156.75,156.73,156.75,209
2025-02-14T13:22:00.000Z,156.68,156.72,156.68,156.72,227
2025-02-14T13:20:00.000Z,156.67,156.68,156.66,156.68,105
2025-02-14T13:18:00.000Z,156.6,156.68,156.6,156.68,164
2025-02-14T13:17:00.000Z,156.6,156.6,156.6,156.6,17
2025-02-14T13:16:00.000Z,156.62,156.62,156.62,156.62,157
2025-02-14T13:15:00.000Z,156.61,156.62,156.61,156.62,815
2025-02-14T13:14:00.000Z,156.61,156.62,156.61,156.62,1651
2025-02-14T13:13:00.000Z,156.58,156.61,156.58,156.61,335
2025-02-14T13:12:00.000Z,156.58,156.58,156.58,156.58,187
2025-02-14T13:11:00.000Z,156.53,156.58,156.53,156.58,907
2025-02-14T13:10:00.000Z,156.46,156.52,156.46,156.52,523
2025-02-14T13:08:00.000Z,156.43,156.43,156.43,156.43,408
2025-02-14T13:07:00.000Z,156.46,156.46,156.46,156.46,400
2025-02-14T13:06:00.000Z,156.46,156.46,156.46,156.46,88
2025-02-14T13:05:00.000Z,156.49,156.5,156.49,156.49,100
2025-02-14T13:04:00.000Z,156.46,156.47,156.46,156.47,53
2025-02-14T13:03:00.000Z,156.46,156.46,156.43,156.43,102
2025-02-14T13:02:00.000Z,156.43,156.5,156.43,156.5,398
2025-02-14T13:01:00.000Z,156.4,156.43,156.4,156.42,328
2025-02-14T13:00:00.000Z,156.41,156.41,156.41,156.41,100
2025-02-14T12:59:00.000Z,156.41,156.44,156.4,156.44,234
2025-02-14T12:58:00.000Z,156.37,156.41,156.37,156.41,68
2025-02-14T12:57:00.000Z,156.42,156.42,156.37,156.37,224
2025-02-14T12:56:00.000Z,156.5,156.5,156.41,156.41,2340
2025-02-14T12:55:00.000Z,156.54,156.54,156.5,156.5,606
2025-02-14T12:54:00.000Z,156.55,156.55,156.54,156.54,604
2025-02-14T12:53:00.000Z,156.55,156.56,156.55,156.56,171
2025-02-14T12:52:00.000Z,156.51,156.55,156.51,156.55,236
2025-02-14T12:51:00.000Z,156.51,156.51,156.51,156.51,1
2025-02-14T12:50:00.000Z,156.53,156.53,156.5,156.5,318
2025-02-14T12:49:00.000Z,156.5,156.5,156.5,156.5,28
2025-02-14T12:48:00.000Z,156.51,156.52,156.49,156.49,360
2025-02-14T12:47:00.000Z,156.49,156.51,156.49,156.5,203
2025-02-14T12:46:00.000Z,156.49,156.5,156.48,156.5,923
2025-02-14T12:45:00.000Z,156.46,156.5,156.46,156.5,520
2025-02-14T12:44:00.000Z,156.48,156.49,156.45,156.49,496
2025-02-14T12:43:00.000Z,156.46,156.46,156.45,156.45,954
2025-02-14T12:42:00.000Z,156.49,156.49,156.49,156.49,102
2025-02-14T12:41:00.000Z,156.51,156.55,156.51,156.55,455
2025-02-14T12:40:00.000Z,156.57,156.57,156.51,156.51,150
2025-02-14T12:39:00.000Z,156.57,156.58,156.57,156.57,283
2025-02-14T12:38:00.000Z,156.54,156.55,156.54,156.55,117
2025-02-14T12:37:00.000Z,156.55,156.55,156.53,156.53,400
2025-02-14T12:36:00.000Z,156.56,156.56,156.56,156.56,100
2025-02-14T12:35:00.000Z,156.55,156.58,156.55,156.58,255
2025-02-14T12:34:00.000Z,156.53,156.56,156.51,156.56,604
2025-02-14T12:33:00.000Z,156.53,156.55,156.53,156.55,102
2025-02-14T12:32:00.000Z,156.59,156.59,156.54,156.54,502
2025-02-14T12:31:00.000Z,156.6,156.61,156.6,156.6,608
2025-02-14T12:30:00.000Z,156.59,156.6,156.58,156.6,411
2025-02-14T12:29:00.000Z,156.58,156.58,156.57,156.58,240
2025-02-14T12:28:00.000Z,156.61,156.63,156.59,156.59,429
2025-02-14T12:27:00.000Z,156.62,156.62,156.61,156.61,200
2025-02-14T12:26:00.000Z,156.61,156.61,156.61,156.61,100
2025-02-14T12:25:00.000Z,156.58,156.61,156.58,156.61,201
2025-02-14T12:24:00.000Z,156.63,156.63,156.63,156.63,5
2025-02-14T12:23:00.000Z,156.6,156.67,156.57,156.67,243
2025-02-14T12:21:00.000Z,156.62,156.62,156.62,156.62,17
2025-02-14T12:20:00.000Z,156.61,156.62,156.61,156.61,197
2025-02-14T12:19:00.000Z,156.61,156.61,156.61,156.61,664
2025-02-14T12:18:00.000Z,156.61,156.62,156.61,156.61,107
2025-02-14T12:17:00.000Z,156.59,156.59,156.57,156.57,452
2025-02-14T12:16:00.000Z,156.59,156.59,156.57,156.58,304
2025-02-14T12:15:00.000Z,156.51,156.58,156.51,156.55,438
2025-02-14T12:14:00.000Z,156.52,156.53,156.52,156.52,231
2025-02-14T12:13:00.000Z,156.52,156.53,156.52,156.53,14
2025-02-14T12:12:00.000Z,156.5,156.5,156.5,156.5,686
2025-02-14T12:11:00.000Z,156.46,156.48,156.44,156.46,237
2025-02-14T12:10:00.000Z,156.46,156.46,156.42,156.42,300
2025-02-14T12:08:00.000Z,156.42,156.43,156.42,156.43,39
2025-02-14T12:07:00.000Z,156.41,156.43,156.41,156.43,92
2025-02-14T12:06:00.000Z,156.43,156.45,156.4,156.41,508
2025-02-14T12:05:00.000Z,156.5,156.5,156.44,156.47,1213
2025-02-14T12:04:00.000Z,156.47,156.49,156.47,156.49,315
2025-02-14T12:03:00.000Z,156.52,156.53,156.47,156.47,226
2025-02-14T12:02:00.000Z,156.54,156.54,156.52,156.52,233
2025-02-14T12:01:00.000Z,156.6,156.6,156.55,156.55,194
2025-02-14T12:00:00.000Z,156.59,156.59,156.58,156.58,248
2025-02-14T11:59:00.000Z,156.63,156.63,156.57,156.58,742
2025-02-14T11:58:00.000Z,156.6,156.64,156.59,156.62,535
2025-02-14T11:57:00.000Z,156.55,156.59,156.55,156.58,134
2025-02-14T11:56:00.000Z,156.54,156.57,156.54,156.57,36
2025-02-14T11:55:00.000Z,156.52,156.53,156.52,156.53,6
2025-02-14T11:54:00.000Z,156.49,156.49,156.48,156.49,603
2025-02-14T11:53:00.000Z,156.5,156.5,156.5,156.5,1
2025-02-14T11:52:00.000Z,156.53,156.53,156.48,156.5,369
2025-02-14T11:51:00.000Z,156.49,156.52,156.49,156.51,219
2025-02-14T11:50:00.000Z,156.5,156.51,156.47,156.47,740
2025-02-14T11:49:00.000Z,156.45,156.47,156.45,156.46,303
2025-02-14T11:48:00.000Z,156.45,156.45,156.45,156.45,103
2025-02-14T11:47:00.000Z,156.44,156.44,156.42,156.42,400
2025-02-14T11:46:00.000Z,156.42,156.44,156.42,156.43,300
2025-02-14T11:44:00.000Z,156.46,156.47,156.46,156.47,400
2025-02-14T11:43:00.000Z,156.51,156.51,156.46,156.47,82
2025-02-14T11:42:00.000Z,156.52,156.52,156.52,156.52,108
2025-02-14T11:41:00.000Z,156.54,156.54,156.51,156.52,377
2025-02-14T11:40:00.000Z,156.53,156.56,156.53,156.56,61
2025-02-14T11:39:00.000Z,156.53,156.53,156.51,156.51,501
2025-02-14T11:37:00.000Z,156.56,156.56,156.56,156.56,100
2025-02-14T11:36:00.000Z,156.55,156.58,156.54,156.57,519
2025-02-14T11:35:00.000Z,156.55,156.55,156.53,156.54,127
2025-02-14T11:34:00.000Z,156.46,156.53,156.46,156.53,488
2025-02-14T11:33:00.000Z,156.39,156.41,156.39,156.41,231
2025-02-14T11:32:00.000Z,156.39,156.39,156.39,156.39,160
2025-02-14T11:31:00.000Z,156.36,156.36,156.35,156.36,21
2025-02-14T11:30:00.000Z,156.35,156.35,156.31,156.31,200
2025-02-14T11:29:00.000Z,156.34,156.35,156.34,156.35,276
2025-02-14T11:28:00.000Z,156.42,156.44,156.36,156.36,1122
2025-02-14T11:27:00.000Z,156.35,156.38,156.35,156.38,59
2025-02-14T11:26:00.000Z,156.29,156.29,156.29,156.29,19
2025-02-14T11:25:00.000Z,156.37,156.37,156.31,156.31,222
2025-02-14T11:24:00.000Z,156.39,156.41,156.39,156.39,326
2025-02-14T11:23:00.000Z,156.42,156.45,156.41,156.44,916
2025-02-14T11:22:00.000Z,156.42,156.43,156.41,156.43,455
2025-02-14T11:21:00.000Z,156.39,156.4,156.39,156.4,200
2025-02-14T11:20:00.000Z,156.35,156.37,156.35,156.37,203
2025-02-14T11:19:00.000Z,156.4,156.41,156.39,156.39,76
2025-02-14T11:18:00.000Z,156.44,156.44,156.44,156.44,100
2025-02-14T11:17:00.000Z,156.46,156.49,156.45,156.45,305
2025-02-14T11:16:00.000Z,156.55,156.55,156.49,156.49,165
2025-02-14T11:15:00.000Z,156.59,156.59,156.59,156.59,20
2025-02-14T11:14:00.000Z,156.6,156.6,156.58,156.58,442
2025-02-14T11:13:00.000Z,156.65,156.65,156.6,156.6,500
2025-02-14T11:12:00.000Z,156.72,156.72,156.65,156.65,620
2025-02-14T11:11:00.000Z,156.7,156.71,156.68,156.71,618
2025-02-14T11:10:00.000Z,156.7,156.7,156.7,156.7,400
2025-02-14T11:09:00.000Z,156.65,156.67,156.64,156.67,666
2025-02-14T11:08:00.000Z,156.63,156.63,156.6,156.6,500
2025-02-14T11:07:00.000Z,156.64,156.65,156.64,156.65,443
2025-02-14T11:06:00.000Z,156.55,156.62,156.55,156.62,164
2025-02-14T11:05:00.000Z,156.53,156.55,156.52,156.52,184
2025-02-14T11:04:00.000Z,156.6,156.6,156.58,156.58,201
2025-02-14T11:03:00.000Z,156.78,156.78,156.65,156.65,115
2025-02-14T11:02:00.000Z,156.78,156.8,156.78,156.79,119
2025-02-14T11:01:00.000Z,156.74,156.76,156.74,156.76,679
2025-02-14T11:00:00.000Z,156.74,156.76,156.74,156.76,570
2025-02-14T10:59:00.000Z,156.75,156.76,156.69,156.69,605
2025-02-14T10:58:00.000Z,156.66,156.66,156.66,156.66,100
2025-02-14T10:57:00.000Z,156.66,156.66,156.65,156.66,300
2025-02-14T10:56:00.000Z,156.63,156.64,156.62,156.64,261
2025-02-14T10:55:00.000Z,156.63,156.65,156.63,156.65,66
2025-02-14T10:54:00.000Z,156.57,156.59,156.55,156.59,99
2025-02-14T10:53:00.000Z,156.71,156.71,156.62,156.63,1011
2025-02-14T10:52:00.000Z,156.79,156.79,156.74,156.74,246
2025-02-14T10:51:00.000Z,156.74,156.78,156.73,156.78,37
2025-02-14T10:50:00.000Z,156.74,156.77,156.73,156.77,574
2025-02-14T10:49:00.000Z,156.72,156.74,156.71,156.74,671
2025-02-14T10:48:00.000Z,156.74,156.75,156.74,156.74,218
2025-02-14T10:47:00.000Z,156.64,156.73,156.64,156.73,624
2025-02-14T10:46:00.000Z,156.58,156.67,156.58,156.63,1840
2025-02-14T10:45:00.000Z,156.55,156.57,156.53,156.57,824
2025-02-14T10:44:00.000Z,156.56,156.58,156.55,156.55,338
2025-02-14T10:43:00.000Z,156.61,156.61,156.61,156.61,50
2025-02-14T10:42:00.000Z,156.65,156.65,156.62,156.62,199
2025-02-14T10:41:00.000Z,156.64,156.65,156.62,156.65,440
2025-02-14T10:40:00.000Z,156.6,156.6,156.58,156.58,105
2025-02-14T10:39:00.000Z,156.67,156.67,156.61,156.63,430
2025-02-14T10:38:00.000Z,156.6,156.65,156.57,156.65,829
2025-02-14T10:37:00.000Z,156.54,156.64,156.52,156.64,15
2025-02-14T10:36:00.000Z,156.66,156.66,156.53,156.53,647
2025-02-14T10:35:00.000Z,156.64,156.68,156.64,156.66,953
2025-02-14T10:34:00.000Z,156.66,156.66,156.63,156.65,334
2025-02-14T10:33:00.000Z,156.74,156.74,156.66,156.68,602
2025-02-14T10:32:00.000Z,156.74,156.74,156.74,156.74,24
2025-02-14T10:31:00.000Z,156.6,156.6,156.54,156.54,355
2025-02-14T10:30:00.000Z,156.61,156.65,156.61,156.64,351
2025-02-14T10:29:00.000Z,156.63,156.63,156.52,156.56,1029
2025-02-14T10:28:00.000Z,156.63,156.63,156.63,156.63,200
2025-02-14T10:27:00.000Z,156.55,156.56,156.55,156.56,160
2025-02-14T10:26:00.000Z,156.63,156.63,156.54,156.56,496
2025-02-14T10:25:00.000Z,156.61,156.61,156.56,156.56,359
2025-02-14T10:24:00.000Z,156.65,156.66,156.57,156.58,638
2025-02-14T10:23:00.000Z,156.58,156.61,156.58,156.61,265
2025-02-14T10:22:00.000Z,156.55,156.55,156.55,156.55,100
2025-02-14T10:21:00.000Z,156.58,156.59,156.51,156.51,409
2025-02-14T10:20:00.000Z,156.83,156.83,156.56,156.58,873
2025-02-14T10:19:00.000Z,156.69,156.81,156.69,156.8,971
2025-02-14T10:18:00.000Z,156.7,156.74,156.7,156.71,604
2025-02-14T10:17:00.000Z,156.66,156.73,156.66,156.7,170
2025-02-14T10:16:00.000Z,156.74,156.74,156.69,156.69,162
2025-02-14T10:15:00.000Z,156.71,156.78,156.67,156.74,831
2025-02-14T10:14:00.000Z,156.68,156.77,156.67,156.69,674
2025-02-14T10:13:00.000Z,156.62,156.63,156.62,156.62,301
2025-02-14T10:12:00.000Z,156.61,156.66,156.57,156.66,1685
2025-02-14T10:11:00.000Z,156.69,156.69,156.61,156.61,916
2025-02-14T10:10:00.000Z,156.68,156.68,156.61,156.64,417
2025-02-14T10:09:00.000Z,156.73,156.76,156.7,156.7,964
2025-02-14T10:08:00.000Z,156.72,156.76,156.69,156.73,93
2025-02-14T10:07:00.000Z,156.71,156.76,156.7,156.7,251
2025-02-14T10:06:00.000Z,156.7,156.7,156.58,156.58,801
2025-02-14T10:05:00.000Z,156.61,156.65,156.61,156.65,151
2025-02-14T10:04:00.000Z,156.48,156.54,156.48,156.54,105
2025-02-14T10:03:00.000Z,156.42,156.42,156.39,156.39,406
2025-02-14T10:02:00.000Z,156.47,156.52,156.42,156.42,696
2025-02-14T10:01:00.000Z,156.45,156.48,156.41,156.46,707
2025-02-14T10:00:00.000Z,156.41,156.41,156.34,156.39,1434
2025-02-14T09:59:00.000Z,156.33,156.36,156.31,156.36,1781
2025-02-14T09:58:00.000Z,156.37,156.37,156.3,156.31,1402
2025-02-14T09:57:00.000Z,156.42,156.42,156.34,156.37,498
2025-02-14T09:56:00.000Z,156.29,156.41,156.26,156.37,846
2025-02-14T09:55:00.000Z,156.11,156.3,156.11,156.3,1186
2025-02-14T09:54:00.000Z,156.22,156.22,156.1,156.15,571
2025-02-14T09:53:00.000Z,156.31,156.31,156.16,156.19,551
2025-02-14T09:52:00.000Z,156.34,156.34,156.29,156.31,2863
2025-02-14T09:51:00.000Z,156.34,156.34,156.29,156.31,2828
2025-02-14T09:50:00.000Z,156.31,156.38,156.31,156.34,629
2025-02-14T09:49:00.000Z,156.3,156.3,156.27,156.3,4824
2025-02-14T09:48:00.000Z,156.41,156.41,156.29,156.32,5418
2025-02-14T09:47:00.000Z,156.4,156.45,156.37,156.42,570
2025-02-14T09:46:00.000Z,156.41,156.42,156.35,156.37,1017
2025-02-14T09:45:00.000Z,156.38,156.43,156.3,156.4,5228
2025-02-14T09:44:00.000Z,156.35,156.41,156.34,156.41,734
2025-02-14T09:43:00.000Z,156.41,156.41,156.25,156.38,962
2025-02-14T09:42:00.000Z,156.8,156.8,156.4,156.4,777
2025-02-14T09:41:00.000Z,156.88,156.88,156.75,156.76,583
2025-02-14T09:40:00.000Z,156.86,156.89,156.86,156.89,586
2025-02-14T09:39:00.000Z,156.81,156.91,156.75,156.89,1349
2025-02-14T09:38:00.000Z,156.94,156.94,156.85,156.85,15
2025-02-14T09:37:00.000Z,156.84,156.94,156.84,156.94,279
2025-02-14T09:36:00.000Z,156.95,156.95,156.85,156.85,383
2025-02-14T09:35:00.000Z,156.88,156.98,156.79,156.97,733
2025-02-14T09:34:00.000Z,156.85,156.97,156.85,156.89,704
2025-02-14T09:33:00.000Z,156.96,157.04,156.79,156.81,770
2025-02-14T09:32:00.000Z,156.99,156.99,156.85,156.92,910
2025-02-14T09:31:00.000Z,157.01,157.01,156.87,156.92,926
2025-02-14T09:30:00.000Z,157.33,157.44,157.1,157.1,1693
2025-02-13T15:59:00.000Z,157.25,157.28,157.19,157.24,2468
2025-02-13T15:58:00.000Z,157.28,157.29,157.24,157.25,2157
2025-02-13T15:57:00.000Z,157.3,157.31,157.24,157.29,1807
2025-02-13T15:56:00.000Z,157.3,157.37,157.29,157.3,1318
2025-02-13T15:55:00.000Z,157.38,157.41,157.29,157.3,3099
2025-02-13T15:54:00.000Z,157.48,157.51,157.39,157.39,2642
2025-02-13T15:53:00.000Z,157.48,157.49,157.45,157.49,1664
2025-02-13T15:52:00.000Z,157.5,157.52,157.5,157.52,288
2025-02-13T15:51:00.000Z,157.49,157.49,157.4,157.47,587
2025-02-13T15:50:00.000Z,157.5,157.63,157.44,157.46,1261
2025-02-13T15:49:00.000Z,157.46,157.47,157.46,157.46,119
2025-02-13T15:48:00.000Z,157.49,157.52,157.48,157.5,1382
2025-02-13T15:47:00.000Z,157.48,157.5,157.48,157.5,41
2025-02-13T15:46:00.000Z,157.42,157.47,157.42,157.47,477
2025-02-13T15:45:00.000Z,157.42,157.44,157.41,157.42,533
2025-02-13T15:44:00.000Z,157.46,157.46,157.41,157.42,134
2025-02-13T15:43:00.000Z,157.45,157.45,157.42,157.44,855
2025-02-13T15:42:00.000Z,157.52,157.52,157.45,157.46,196
2025-02-13T15:41:00.000Z,157.63,157.63,157.57,157.57,627
2025-02-13T15:40:00.000Z,157.67,157.67,157.62,157.65,542
2025-02-13T15:39:00.000Z,157.62,157.64,157.61,157.64,318
2025-02-13T15:38:00.000Z,157.66,157.66,157.61,157.62,563
2025-02-13T15:37:00.000Z,157.58,157.66,157.57,157.66,445
2025-02-13T15:36:00.000Z,157.61,157.61,157.57,157.58,630
2025-02-13T15:35:00.000Z,157.63,157.66,157.62,157.64,945
2025-02-13T15:34:00.000Z,157.64,157.64,157.61,157.61,199
2025-02-13T15:33:00.000Z,157.61,157.63,157.58,157.62,875
2025-02-13T15:32:00.000Z,157.55,157.62,157.55,157.61,920
2025-02-13T15:31:00.000Z,157.5,157.57,157.5,157.57,1839
2025-02-13T15:30:00.000Z,157.53,157.53,157.48,157.49,1120
2025-02-13T15:29:00.000Z,157.49,157.55,157.47,157.54,960
2025-02-13T15:28:00.000Z,157.57,157.59,157.55,157.58,1175
2025-02-13T15:27:00.000Z,157.58,157.58,157.52,157.54,448
2025-02-13T15:26:00.000Z,157.62,157.62,157.58,157.58,868
2025-02-13T15:25:00.000Z,157.67,157.67,157.6,157.6,1004
2025-02-13T15:24:00.000Z,157.58,157.66,157.58,157.65,354
2025-02-13T15:23:00.000Z,157.64,157.64,157.59,157.59,137
2025-02-13T15:22:00.000Z,157.68,157.68,157.64,157.64,505
2025-02-13T15:21:00.000Z,157.63,157.65,157.63,157.65,304
2025-02-13T15:20:00.000Z,157.71,157.71,157.71,157.71,106
2025-02-13T15:19:00.000Z,157.71,157.72,157.71,157.71,458
2025-02-13T15:18:00.000Z,157.76,157.76,157.75,157.75,300
2025-02-13T15:17:00.000Z,157.78,157.78,157.77,157.78,193
2025-02-13T15:16:00.000Z,157.78,157.8,157.76,157.76,946
2025-02-13T15:15:00.000Z,157.75,157.78,157.74,157.78,916
2025-02-13T15:14:00.000Z,157.63,157.74,157.63,157.72,663
2025-02-13T15:13:00.000Z,157.64,157.66,157.62,157.63,845
2025-02-13T15:12:00.000Z,157.58,157.64,157.58,157.64,362
2025-02-13T15:11:00.000Z,157.76,157.76,157.59,157.6,574
2025-02-13T15:10:00.000Z,157.77,157.77,157.74,157.75,1353
2025-02-13T15:09:00.000Z,157.67,157.79,157.67,157.78,870
2025-02-13T15:08:00.000Z,157.69,157.75,157.69,157.71,1848
2025-02-13T15:07:00.000Z,157.67,157.7,157.65,157.67,3445
2025-02-13T15:06:00.000Z,157.83,157.83,157.74,157.74,2598
2025-02-13T15:05:00.000Z,157.69,157.83,157.69,157.81,1362
2025-02-13T15:04:00.000Z,157.74,157.75,157.66,157.69,926
2025-02-13T15:03:00.000Z,157.74,157.75,157.73,157.73,945
2025-02-13T15:02:00.000Z,157.73,157.75,157.71,157.74,648
2025-02-13T15:01:00.000Z,157.72,157.75,157.71,157.73,1215
2025-02-13T15:00:00.000Z,157.67,157.7,157.64,157.7,719
2025-02-13T14:59:00.000Z,157.64,157.68,157.64,157.66,1132
2025-02-13T14:58:00.000Z,157.57,157.66,157.57,157.64,1983
2025-02-13T14:57:00.000Z,157.55,157.57,157.54,157.56,990
2025-02-13T14:56:00.000Z,157.7,157.7,157.56,157.56,811
2025-02-13T14:55:00.000Z,157.74,157.75,157.72,157.72,2184
2025-02-13T14:54:00.000Z,157.73,157.75,157.7,157.74,1897
2025-02-13T14:53:00.000Z,157.8,157.8,157.71,157.71,244
2025-02-13T14:52:00.000Z,157.83,157.89,157.82,157.82,1677
2025-02-13T14:51:00.000Z,157.98,157.98,157.82,157.83,2132
2025-02-13T14:50:00.000Z,158.01,158.01,157.98,157.98,1565
2025-02-13T14:49:00.000Z,158.02,158.02,158,158.01,1540
2025-02-13T14:48:00.000Z,157.99,158.02,157.98,158.02,603
2025-02-13T14:47:00.000Z,158,158,157.98,157.99,766
2025-02-13T14:46:00.000Z,157.98,158,157.98,158,486
2025-02-13T14:45:00.000Z,157.98,157.99,157.97,157.98,417
2025-02-13T14:44:00.000Z,157.94,157.96,157.93,157.95,1152
2025-02-13T14:43:00.000Z,157.94,157.94,157.92,157.94,1022
2025-02-13T14:42:00.000Z,157.92,157.94,157.91,157.94,552
2025-02-13T14:41:00.000Z,157.89,157.91,157.88,157.9,577
2025-02-13T14:40:00.000Z,157.88,157.88,157.87,157.88,382
2025-02-13T14:39:00.000Z,157.94,157.94,157.89,157.9,778
2025-02-13T14:38:00.000Z,157.92,157.94,157.88,157.94,645
2025-02-13T14:37:00.000Z,157.86,157.96,157.86,157.92,643
2025-02-13T14:36:00.000Z,157.81,157.86,157.81,157.86,1305
2025-02-13T14:35:00.000Z,157.83,157.84,157.79,157.8,1476
2025-02-13T14:34:00.000Z,157.8,157.83,157.8,157.82,819
2025-02-13T14:33:00.000Z,157.77,157.8,157.74,157.77,451
2025-02-13T14:32:00.000Z,157.76,157.82,157.72,157.76,906
2025-02-13T14:31:00.000Z,157.83,157.84,157.76,157.78,542
2025-02-13T14:30:00.000Z,157.84,157.84,157.82,157.82,302
2025-02-13T14:29:00.000Z,158.01,158.01,157.8,157.81,1030
2025-02-13T14:28:00.000Z,158.01,158.05,158.01,158.04,2913
2025-02-13T14:27:00.000Z,158.07,158.07,157.99,157.99,2926
2025-02-13T14:26:00.000Z,158.07,158.07,158.02,158.06,2793
2025-02-13T14:25:00.000Z,158.05,158.07,158.04,158.07,1909
2025-02-13T14:24:00.000Z,158.04,158.06,158.03,158.06,1062
2025-02-13T14:23:00.000Z,158.03,158.12,157.98,158.04,4520
2025-02-13T14:22:00.000Z,157.96,158.04,157.94,158.04,1998
2025-02-13T14:21:00.000Z,157.85,157.97,157.85,157.97,1020
2025-02-13T14:20:00.000Z,157.8,157.84,157.8,157.81,493
2025-02-13T14:19:00.000Z,157.82,157.85,157.8,157.8,1331
2025-02-13T14:18:00.000Z,157.82,157.84,157.82,157.83,435
2025-02-13T14:17:00.000Z,157.82,157.85,157.8,157.83,835
2025-02-13T14:16:00.000Z,157.8,157.86,157.78,157.82,1293
2025-02-13T14:15:00.000Z,157.78,157.8,157.78,157.8,317
2025-02-13T14:14:00.000Z,157.77,157.81,157.75,157.75,705
2025-02-13T14:13:00.000Z,157.81,157.84,157.78,157.78,1653
2025-02-13T14:12:00.000Z,157.78,157.82,157.78,157.8,700
2025-02-13T14:11:00.000Z,157.74,157.78,157.74,157.77,549
2025-02-13T14:10:00.000Z,157.83,157.84,157.73,157.73,666
2025-02-13T14:09:00.000Z,157.82,157.83,157.8,157.82,3602
2025-02-13T14:08:00.000Z,157.71,157.84,157.71,157.83,1315
2025-02-13T14:07:00.000Z,157.72,157.72,157.7,157.71,815
2025-02-13T14:06:00.000Z,157.7,157.78,157.7,157.73,2208
2025-02-13T14:05:00.000Z,157.7,157.7,157.68,157.69,106
2025-02-13T14:04:00.000Z,157.59,157.71,157.57,157.71,2005
2025-02-13T14:03:00.000Z,157.58,157.6,157.58,157.59,751
2025-02-13T14:02:00.000Z,157.51,157.58,157.51,157.58,512
2025-02-13T14:01:00.000Z,157.47,157.6,157.47,157.54,1040
2025-02-13T14:00:00.000Z,157.42,157.48,157.42,157.48,864
2025-02-13T13:59:00.000Z,157.45,157.45,157.42,157.43,840
2025-02-13T13:58:00.000Z,157.34,157.47,157.34,157.46,1427
2025-02-13T13:57:00.000Z,157.26,157.34,157.26,157.34,771
2025-02-13T13:56:00.000Z,157.24,157.26,157.24,157.26,933
2025-02-13T13:55:00.000Z,157.3,157.31,157.29,157.29,725
2025-02-13T13:54:00.000Z,157.27,157.29,157.27,157.29,558
2025-02-13T13:53:00.000Z,157.36,157.39,157.25,157.25,1489
2025-02-13T13:52:00.000Z,157.36,157.37,157.32,157.36,600
2025-02-13T13:51:00.000Z,157.36,157.36,157.32,157.36,1113
2025-02-13T13:50:00.000Z,157.37,157.37,157.36,157.36,306
2025-02-13T13:49:00.000Z,157.34,157.38,157.34,157.35,419
2025-02-13T13:48:00.000Z,157.27,157.35,157.26,157.35,475
2025-02-13T13:47:00.000Z,157.33,157.33,157.28,157.28,574
2025-02-13T13:46:00.000Z,157.3,157.31,157.27,157.31,482
2025-02-13T13:45:00.000Z,157.26,157.31,157.26,157.31,414
2025-02-13T13:44:00.000Z,157.19,157.25,157.19,157.23,357
2025-02-13T13:43:00.000Z,157.12,157.17,157.12,157.17,1896
2025-02-13T13:42:00.000Z,157.17,157.2,157.09,157.1,1306
2025-02-13T13:41:00.000Z,157.2,157.23,157.2,157.2,1361
2025-02-13T13:40:00.000Z,157.22,157.24,157.19,157.2,908
2025-02-13T13:39:00.000Z,157.11,157.19,157.1,157.19,476
2025-02-13T13:38:00.000Z,157.13,157.13,157.09,157.13,376
2025-02-13T13:37:00.000Z,157.13,157.21,157.13,157.2,2080
2025-02-13T13:36:00.000Z,157.13,157.14,157.12,157.13,4896
2025-02-13T13:35:00.000Z,157.09,157.13,157.09,157.13,219
2025-02-13T13:34:00.000Z,157.19,157.19,157.19,157.19,150
2025-02-13T13:33:00.000Z,157.23,157.24,157.21,157.21,267
2025-02-13T13:32:00.000Z,157.22,157.25,157.22,157.23,615
2025-02-13T13:31:00.000Z,157.31,157.31,157.3,157.3,101
2025-02-13T13:30:00.000Z,157.3,157.36,157.29,157.29,531
2025-02-13T13:29:00.000Z,157.3,157.3,157.27,157.29,338
2025-02-13T13:28:00.000Z,157.17,157.27,157.17,157.27,787
2025-02-13T13:27:00.000Z,157.27,157.27,157.12,157.17,647
2025-02-13T13:26:00.000Z,157.24,157.3,157.22,157.3,953
2025-02-13T13:25:00.000Z,157.3,157.3,157.19,157.19,505
2025-02-13T13:24:00.000Z,157.29,157.3,157.27,157.28,282
2025-02-13T13:23:00.000Z,157.25,157.3,157.25,157.3,373
2025-02-13T13:22:00.000Z,157.27,157.27,157.26,157.26,363
2025-02-13T13:21:00.000Z,157.26,157.28,157.23,157.28,1396
2025-02-13T13:20:00.000Z,157.2,157.29,157.2,157.27,907
2025-02-13T13:19:00.000Z,157.22,157.24,157.16,157.21,915
2025-02-13T13:18:00.000Z,157.16,157.21,157.16,157.21,349
2025-02-13T13:17:00.000Z,157.15,157.17,157.12,157.17,661
2025-02-13T13:16:00.000Z,157.16,157.18,157.15,157.18,638
2025-02-13T13:15:00.000Z,157.13,157.13,157.13,157.13,100
2025-02-13T13:14:00.000Z,157.15,157.15,157.11,157.11,393
2025-02-13T13:13:00.000Z,157.1,157.14,157.1,157.14,1236
2025-02-13T13:12:00.000Z,157.13,157.13,157.11,157.11,213
2025-02-13T13:11:00.000Z,157.13,157.13,157.12,157.12,234
2025-02-13T13:10:00.000Z,157.1,157.13,157.1,157.12,1568
2025-02-13T13:09:00.000Z,157.12,157.15,157.09,157.09,1261
2025-02-13T13:08:00.000Z,157.08,157.11,157.08,157.09,813
2025-02-13T13:07:00.000Z,157.09,157.09,157.09,157.09,201
2025-02-13T13:06:00.000Z,157.05,157.1,157.05,157.09,701
2025-02-13T13:05:00.000Z,157.03,157.03,157.03,157.03,700
2025-02-13T13:04:00.000Z,157.05,157.05,157.02,157.04,71
2025-02-13T13:03:00.000Z,157.05,157.07,157.03,157.04,1199
2025-02-13T13:02:00.000Z,156.94,157.02,156.94,157.02,330
2025-02-13T13:01:00.000Z,156.97,156.99,156.95,156.96,2622
2025-02-13T13:00:00.000Z,156.99,156.99,156.96,156.96,200
2025-02-13T12:59:00.000Z,157.01,157.02,157.01,157.01,437
2025-02-13T12:58:00.000Z,156.97,157,156.96,156.98,838
2025-02-13T12:57:00.000Z,156.97,156.97,156.97,156.97,400
2025-02-13T12:56:00.000Z,157.01,157.04,156.96,156.98,204
2025-02-13T12:55:00.000Z,157.09,157.09,157.02,157.02,711
2025-02-13T12:54:00.000Z,157.12,157.18,157.1,157.1,371
2025-02-13T12:53:00.000Z,157.14,157.14,157.14,157.14,140
2025-02-13T12:52:00.000Z,157.13,157.13,157.12,157.12,400
2025-02-13T12:51:00.000Z,157.15,157.16,157.15,157.15,447
2025-02-13T12:50:00.000Z,157.17,157.19,157.17,157.19,145
2025-02-13T12:49:00.000Z,157.2,157.2,157.18,157.18,105
2025-02-13T12:48:00.000Z,157.18,157.18,157.17,157.18,379
2025-02-13T12:47:00.000Z,157.19,157.21,157.19,157.21,739
2025-02-13T12:46:00.000Z,157.23,157.29,157.21,157.29,1228
2025-02-13T12:45:00.000Z,157.22,157.24,157.22,157.24,368
2025-02-13T12:44:00.000Z,157.18,157.21,157.18,157.2,141
2025-02-13T12:43:00.000Z,157.18,157.23,157.16,157.18,983
2025-02-13T12:42:00.000Z,157.31,157.31,157.16,157.17,596
2025-02-13T12:41:00.000Z,157.35,157.36,157.32,157.32,229
2025-02-13T12:40:00.000Z,157.33,157.39,157.32,157.39,842
2025-02-13T12:39:00.000Z,157.39,157.39,157.33,157.33,939
2025-02-13T12:38:00.000Z,157.39,157.39,157.39,157.39,1137
2025-02-13T12:37:00.000Z,157.33,157.42,157.33,157.37,1576
2025-02-13T12:36:00.000Z,157.31,157.31,157.29,157.31,378
2025-02-13T12:35:00.000Z,157.27,157.32,157.27,157.3,430
2025-02-13T12:34:00.000Z,157.24,157.26,157.24,157.26,43
2025-02-13T12:33:00.000Z,157.23,157.23,157.22,157.22,101
2025-02-13T12:32:00.000Z,157.22,157.26,157.22,157.26,325
2025-02-13T12:31:00.000Z,157.23,157.23,157.23,157.23,8
2025-02-13T12:30:00.000Z,157.18,157.2,157.18,157.2,518
2025-02-13T12:29:00.000Z,157.18,157.19,157.18,157.19,142
2025-02-13T12:28:00.000Z,157.15,157.17,157.13,157.17,495
2025-02-13T12:27:00.000Z,157.18,157.24,157.18,157.24,207
2025-02-13T12:26:00.000Z,157.13,157.16,157.13,157.16,279
2025-02-13T12:25:00.000Z,157.17,157.17,157.13,157.14,545
2025-02-13T12:24:00.000Z,157.1,157.16,157.1,157.15,708
2025-02-13T12:23:00.000Z,157.04,157.11,157.04,157.09,2101
2025-02-13T12:22:00.000Z,157.08,157.08,157.07,157.07,425
2025-02-13T12:21:00.000Z,157.15,157.15,157.08,157.08,914
2025-02-13T12:20:00.000Z,157.14,157.15,157.11,157.15,565
2025-02-13T12:19:00.000Z,157.02,157.11,157.02,157.11,726
2025-02-13T12:18:00.000Z,156.96,157.04,156.95,157.04,1063
2025-02-13T12:17:00.000Z,156.95,156.95,156.93,156.93,228
2025-02-13T12:16:00.000Z,156.91,156.93,156.91,156.91,300
2025-02-13T12:15:00.000Z,156.94,156.95,156.91,156.94,442
2025-02-13T12:14:00.000Z,156.89,156.96,156.89,156.93,454
2025-02-13T12:13:00.000Z,156.93,156.93,156.86,156.86,1208
2025-02-13T12:12:00.000Z,156.99,156.99,156.92,156.94,447
2025-02-13T12:11:00.000Z,156.97,157,156.97,156.98,261
2025-02-13T12:10:00.000Z,156.95,156.98,156.92,156.98,925
2025-02-13T12:09:00.000Z,156.99,156.99,156.93,156.94,345
2025-02-13T12:08:00.000Z,156.88,156.99,156.88,156.99,411
2025-02-13T12:07:00.000Z,156.85,156.88,156.84,156.88,220
2025-02-13T12:06:00.000Z,156.87,156.9,156.82,156.83,1111
2025-02-13T12:05:00.000Z,156.92,156.94,156.89,156.93,410
2025-02-13T12:04:00.000Z,156.91,156.92,156.87,156.89,434
2025-02-13T12:03:00.000Z,156.85,156.93,156.85,156.91,1539
2025-02-13T12:02:00.000Z,156.85,156.85,156.85,156.85,100
2025-02-13T12:01:00.000Z,156.85,156.85,156.84,156.84,202
2025-02-13T12:00:00.000Z,157.02,157.03,156.9,156.9,926
2025-02-13T11:59:00.000Z,156.87,157.06,156.87,157.06,568
2025-02-13T11:58:00.000Z,156.78,156.83,156.78,156.83,303
2025-02-13T11:57:00.000Z,156.73,156.77,156.73,156.73,3648
2025-02-13T11:56:00.000Z,156.75,156.85,156.72,156.73,1054
2025-02-13T11:55:00.000Z,156.71,156.75,156.71,156.74,2686
2025-02-13T11:54:00.000Z,156.68,156.68,156.61,156.67,1300
2025-02-13T11:53:00.000Z,156.72,156.74,156.68,156.68,1097
2025-02-13T11:52:00.000Z,156.83,156.83,156.77,156.77,204
2025-02-13T11:51:00.000Z,156.8,156.83,156.8,156.83,900
2025-02-13T11:50:00.000Z,157.09,157.1,156.82,156.82,805
2025-02-13T11:49:00.000Z,157.22,157.22,157.08,157.09,2713
2025-02-13T11:48:00.000Z,157.22,157.22,157.19,157.2,1365
2025-02-13T11:47:00.000Z,157.23,157.23,157.2,157.22,1287
2025-02-13T11:46:00.000Z,157.31,157.33,157.22,157.22,1012
2025-02-13T11:45:00.000Z,157.31,157.31,157.31,157.31,200
2025-02-13T11:44:00.000Z,157.34,157.34,157.31,157.31,910
2025-02-13T11:43:00.000Z,157.29,157.35,157.28,157.34,1708
2025-02-13T11:42:00.000Z,157.26,157.28,157.25,157.27,853
2025-02-13T11:41:00.000Z,157.31,157.33,157.25,157.25,2941
2025-02-13T11:40:00.000Z,157.27,157.3,157.25,157.3,5140
2025-02-13T11:39:00.000Z,157.14,157.22,157.12,157.22,705
2025-02-13T11:38:00.000Z,157.08,157.13,157.07,157.13,1035
2025-02-13T11:37:00.000Z,157.01,157.06,157,157.05,776
2025-02-13T11:36:00.000Z,156.93,157,156.88,157,1330
2025-02-13T11:35:00.000Z,156.89,156.94,156.88,156.94,565
2025-02-13T11:34:00.000Z,156.79,156.84,156.77,156.84,297
2025-02-13T11:33:00.000Z,156.79,156.81,156.78,156.79,660
2025-02-13T11:32:00.000Z,156.85,156.88,156.83,156.85,2671
2025-02-13T11:31:00.000Z,156.82,156.84,156.82,156.84,305
2025-02-13T11:30:00.000Z,156.87,156.87,156.82,156.82,892
2025-02-13T11:29:00.000Z,156.9,156.97,156.85,156.85,1694
2025-02-13T11:28:00.000Z,156.86,156.88,156.86,156.88,519
2025-02-13T11:27:00.000Z,156.85,156.86,156.85,156.86,213
2025-02-13T11:26:00.000Z,156.8,156.88,156.78,156.86,766
2025-02-13T11:25:00.000Z,156.8,156.82,156.8,156.81,401
2025-02-13T11:24:00.000Z,156.83,156.83,156.78,156.78,376
2025-02-13T11:23:00.000Z,156.81,156.85,156.8,156.85,129
2025-02-13T11:22:00.000Z,156.93,156.93,156.77,156.81,890
2025-02-13T11:21:00.000Z,157,157.06,156.99,156.99,590
2025-02-13T11:20:00.000Z,156.96,157.01,156.96,157,1057
2025-02-13T11:19:00.000Z,156.97,156.98,156.95,156.97,1188
2025-02-13T11:18:00.000Z,156.98,157,156.93,156.97,1053
2025-02-13T11:17:00.000Z,157.09,157.12,156.99,156.99,1987
2025-02-13T11:16:00.000Z,157.04,157.09,157.04,157.09,1727
2025-02-13T11:15:00.000Z,157.02,157.08,157.02,157.08,401
2025-02-13T11:14:00.000Z,156.99,157.03,156.99,157.02,219
2025-02-13T11:13:00.000Z,157.08,157.13,157.02,157.02,1460
2025-02-13T11:12:00.000Z,157.03,157.08,157.02,157.02,2032
2025-02-13T11:11:00.000Z,157.04,157.05,157.01,157.04,1689
2025-02-13T11:10:00.000Z,156.98,157.05,156.97,157.05,2530
2025-02-13T11:09:00.000Z,156.94,156.97,156.88,156.97,542
2025-02-13T11:08:00.000Z,156.84,156.89,156.8,156.89,1152
2025-02-13T11:07:00.000Z,156.67,156.91,156.67,156.88,1413
2025-02-13T11:06:00.000Z,156.6,156.68,156.6,156.65,376
2025-02-13T11:04:00.000Z,156.44,156.46,156.44,156.46,658
2025-02-13T11:03:00.000Z,156.4,156.41,156.4,156.41,29
2025-02-13T11:02:00.000Z,156.36,156.39,156.36,156.39,700
2025-02-13T11:01:00.000Z,156.47,156.48,156.44,156.44,1535
2025-02-13T11:00:00.000Z,156.28,156.43,156.27,156.42,818
2025-02-13T10:59:00.000Z,156.3,156.32,156.28,156.29,1015
2025-02-13T10:58:00.000Z,156.24,156.34,156.23,156.32,465
2025-02-13T10:57:00.000Z,156.18,156.24,156.18,156.23,454
2025-02-13T10:56:00.000Z,156.18,156.18,156.18,156.18,49
2025-02-13T10:55:00.000Z,156,156.1,156,156.1,1652
2025-02-13T10:54:00.000Z,155.97,155.97,155.97,155.97,380
2025-02-13T10:53:00.000Z,156,156,155.95,155.95,813
2025-02-13T10:52:00.000Z,156.16,156.16,156.01,156.01,1408
2025-02-13T10:51:00.000Z,156.12,156.12,156.1,156.1,219
2025-02-13T10:50:00.000Z,156.12,156.13,156.1,156.1,139
2025-02-13T10:49:00.000Z,156.12,156.12,156.08,156.08,163
2025-02-13T10:48:00.000Z,156.06,156.06,156.06,156.06,12
2025-02-13T10:47:00.000Z,156,156.06,156,156.06,458
2025-02-13T10:46:00.000Z,156.1,156.1,156.06,156.06,168
2025-02-13T10:45:00.000Z,155.98,156.04,155.98,156.04,292
2025-02-13T10:44:00.000Z,156.07,156.07,156.01,156.01,744
2025-02-13T10:43:00.000Z,156.16,156.16,156.07,156.07,1057
2025-02-13T10:42:00.000Z,156.15,156.16,156.15,156.15,63
2025-02-13T10:41:00.000Z,156.11,156.11,156.09,156.09,500
2025-02-13T10:40:00.000Z,156.06,156.12,156.06,156.07,984
2025-02-13T10:39:00.000Z,156.03,156.05,156.02,156.05,104
2025-02-13T10:38:00.000Z,156.16,156.21,156.12,156.12,1020
2025-02-13T10:37:00.000Z,156.13,156.14,156.1,156.14,1175
2025-02-13T10:36:00.000Z,156.06,156.12,156.06,156.1,1554
2025-02-13T10:35:00.000Z,156.08,156.1,156.08,156.1,490
2025-02-13T10:34:00.000Z,156.13,156.17,156.13,156.15,2517
2025-02-13T10:33:00.000Z,155.99,156.1,155.99,156.09,1101
2025-02-13T10:32:00.000Z,155.88,155.96,155.88,155.92,499
2025-02-13T10:31:00.000Z,155.87,155.87,155.84,155.86,801
2025-02-13T10:30:00.000Z,155.97,155.97,155.86,155.86,1004
2025-02-13T10:29:00.000Z,155.95,155.98,155.95,155.98,110
2025-02-13T10:28:00.000Z,155.82,155.94,155.82,155.91,342
2025-02-13T10:27:00.000Z,155.79,155.83,155.79,155.8,651
2025-02-13T10:26:00.000Z,155.83,155.85,155.81,155.82,405
2025-02-13T10:25:00.000Z,155.76,155.83,155.76,155.81,327
2025-02-13T10:24:00.000Z,155.74,155.75,155.7,155.7,367
2025-02-13T10:23:00.000Z,155.74,155.74,155.67,155.68,403
2025-02-13T10:22:00.000Z,155.6,155.6,155.6,155.6,100
2025-02-13T10:21:00.000Z,155.6,155.6,155.6,155.6,600
2025-02-13T10:20:00.000Z,155.54,155.54,155.54,155.54,50
2025-02-13T10:19:00.000Z,155.57,155.57,155.56,155.56,311
2025-02-13T10:18:00.000Z,155.56,155.59,155.55,155.57,684
2025-02-13T10:17:00.000Z,155.51,155.59,155.51,155.59,205
2025-02-13T10:16:00.000Z,155.6,155.6,155.53,155.53,687
2025-02-13T10:15:00.000Z,155.64,155.68,155.62,155.68,343
2025-02-13T10:14:00.000Z,155.59,155.62,155.59,155.62,79
2025-02-13T10:13:00.000Z,155.62,155.67,155.57,155.57,606
2025-02-13T10:12:00.000Z,155.76,155.76,155.68,155.68,263
2025-02-13T10:11:00.000Z,155.77,155.79,155.75,155.77,523
2025-02-13T10:10:00.000Z,155.71,155.74,155.71,155.74,300
2025-02-13T10:09:00.000Z,155.72,155.74,155.69,155.72,450
2025-02-13T10:08:00.000Z,155.6,155.71,155.6,155.71,292
2025-02-13T10:07:00.000Z,155.55,155.6,155.55,155.59,377
2025-02-13T10:06:00.000Z,155.49,155.6,155.49,155.58,297
2025-02-13T10:05:00.000Z,155.57,155.62,155.53,155.53,326
2025-02-13T10:04:00.000Z,155.49,155.6,155.49,155.6,126
2025-02-13T10:03:00.000Z,155.48,155.52,155.47,155.52,347
2025-02-13T10:02:00.000Z,155.42,155.43,155.36,155.42,782
2025-02-13T10:01:00.000Z,155.47,155.47,155.44,155.44,250
2025-02-13T10:00:00.000Z,155.42,155.46,155.42,155.44,205
2025-02-13T09:59:00.000Z,155.42,155.42,155.38,155.41,261
2025-02-13T09:58:00.000Z,155.4,155.4,155.36,155.39,446
2025-02-13T09:57:00.000Z,155.41,155.41,155.33,155.4,584
2025-02-13T09:56:00.000Z,155.14,155.33,155.13,155.33,568
2025-02-13T09:55:00.000Z,155.04,155.08,155.04,155.07,372
2025-02-13T09:54:00.000Z,155.1,155.1,155.1,155.1,300
2025-02-13T09:53:00.000Z,155.19,155.19,155.1,155.1,1461
2025-02-13T09:52:00.000Z,155.24,155.24,155.18,155.19,777
2025-02-13T09:51:00.000Z,155.1,155.18,155.1,155.17,166
2025-02-13T09:50:00.000Z,155.16,155.18,155.11,155.11,1218
2025-02-13T09:49:00.000Z,155.08,155.17,155.08,155.17,821
2025-02-13T09:48:00.000Z,155.16,155.16,155.16,155.16,200
2025-02-13T09:47:00.000Z,155.29,155.29,155.24,155.29,53
2025-02-13T09:46:00.000Z,155.15,155.15,155.14,155.14,140
2025-02-13T09:45:00.000Z,155.07,155.15,155.07,155.07,510
2025-02-13T09:44:00.000Z,155.1,155.1,154.95,155.05,676
2025-02-13T09:43:00.000Z,154.98,155.1,154.98,155.06,682
2025-02-13T09:42:00.000Z,155.03,155.03,155.03,155.03,200
2025-02-13T09:41:00.000Z,154.81,155.03,154.79,155.03,1504
2025-02-13T09:40:00.000Z,155.21,155.21,154.82,154.82,2296
2025-02-13T09:39:00.000Z,155.16,155.25,155.16,155.25,514
2025-02-13T09:38:00.000Z,155.05,155.17,155.05,155.15,414
2025-02-13T09:37:00.000Z,155.14,155.14,155.02,155.08,700
2025-02-13T09:36:00.000Z,155.02,155.1,155.02,155.1,190
2025-02-13T09:35:00.000Z,155,155.06,154.99,154.99,223
2025-02-13T09:34:00.000Z,155.09,155.09,155,155,759
2025-02-13T09:33:00.000Z,155.03,155.06,154.96,155.02,1094
2025-02-13T09:32:00.000Z,155.43,155.45,155,155,993
2025-02-13T09:31:00.000Z,155.37,155.58,155.37,155.48,1880
2025-02-13T09:30:00.000Z,155.31,155.48,155.31,155.42,1087
2025-02-12T15:59:00.000Z,155.24,155.29,155.15,155.24,4376
2025-02-12T15:58:00.000Z,155.22,155.23,155.18,155.23,2304
2025-02-12T15:57:00.000Z,155.21,155.22,155.17,155.22,2446
2025-02-12T15:56:00.000Z,155.23,155.26,155.19,155.21,1859
2025-02-12T15:55:00.000Z,155.27,155.31,155.23,155.26,1046
2025-02-12T15:54:00.000Z,155.31,155.31,155.23,155.23,869
2025-02-12T15:53:00.000Z,155.23,155.3,155.21,155.29,1546
2025-02-12T15:52:00.000Z,155.22,155.25,155.17,155.25,933
2025-02-12T15:51:00.000Z,155.27,155.28,155.21,155.23,1462
2025-02-12T15:50:00.000Z,155.47,155.49,155.31,155.31,1157
2025-02-12T15:49:00.000Z,155.36,155.44,155.36,155.44,887
2025-02-12T15:48:00.000Z,155.28,155.4,155.28,155.39,1298
2025-02-12T15:47:00.000Z,155.3,155.34,155.26,155.29,875
2025-02-12T15:46:00.000Z,155.4,155.45,155.33,155.33,488
2025-02-12T15:45:00.000Z,155.48,155.48,155.46,155.46,235
2025-02-12T15:44:00.000Z,155.43,155.49,155.43,155.49,213
2025-02-12T15:43:00.000Z,155.53,155.53,155.42,155.42,1505
2025-02-12T15:42:00.000Z,155.46,155.52,155.46,155.52,327
2025-02-12T15:41:00.000Z,155.47,155.47,155.45,155.45,232
2025-02-12T15:40:00.000Z,155.43,155.45,155.37,155.43,1817
2025-02-12T15:39:00.000Z,155.38,155.43,155.38,155.42,1824
2025-02-12T15:38:00.000Z,155.38,155.38,155.37,155.38,1042
2025-02-12T15:37:00.000Z,155.43,155.43,155.34,155.37,2027
2025-02-12T15:36:00.000Z,155.44,155.45,155.41,155.42,2031
2025-02-12T15:35:00.000Z,155.36,155.45,155.36,155.43,553
2025-02-12T15:34:00.000Z,155.36,155.37,155.3,155.37,940
2025-02-12T15:33:00.000Z,155.39,155.41,155.37,155.38,763
2025-02-12T15:32:00.000Z,155.39,155.39,155.34,155.38,1480
2025-02-12T15:31:00.000Z,155.38,155.39,155.38,155.39,498
2025-02-12T15:30:00.000Z,155.42,155.46,155.38,155.38,803
2025-02-12T15:29:00.000Z,155.41,155.43,155.4,155.42,2874
2025-02-12T15:28:00.000Z,155.44,155.44,155.41,155.41,3451
2025-02-12T15:27:00.000Z,155.4,155.44,155.4,155.43,650
2025-02-12T15:26:00.000Z,155.33,155.4,155.33,155.39,936
2025-02-12T15:25:00.000Z,155.34,155.34,155.3,155.33,760
2025-02-12T15:24:00.000Z,155.32,155.35,155.32,155.34,701
2025-02-12T15:23:00.000Z,155.34,155.34,155.33,155.34,139
2025-02-12T15:22:00.000Z,155.26,155.32,155.26,155.32,868
2025-02-12T15:21:00.000Z,155.26,155.26,155.24,155.24,400
2025-02-12T15:20:00.000Z,155.15,155.25,155.15,155.24,365
2025-02-12T15:19:00.000Z,155.13,155.13,155.13,155.13,103
2025-02-12T15:18:00.000Z,155.19,155.19,155.14,155.14,316
2025-02-12T15:17:00.000Z,155.25,155.25,155.23,155.23,110
2025-02-12T15:16:00.000Z,155.18,155.2,155.18,155.18,266
2025-02-12T15:15:00.000Z,155.19,155.19,155.17,155.17,233
2025-02-12T15:14:00.000Z,155.28,155.29,155.2,155.21,496
2025-02-12T15:13:00.000Z,155.3,155.31,155.29,155.29,1268
2025-02-12T15:12:00.000Z,155.33,155.33,155.3,155.3,803
2025-02-12T15:11:00.000Z,155.35,155.35,155.3,155.32,303
2025-02-12T15:10:00.000Z,155.36,155.36,155.35,155.35,246
2025-02-12T15:09:00.000Z,155.31,155.32,155.3,155.32,127
2025-02-12T15:08:00.000Z,155.25,155.32,155.25,155.32,120
2025-02-12T15:07:00.000Z,155.25,155.25,155.25,155.25,100
2025-02-12T15:06:00.000Z,155.17,155.23,155.17,155.23,104
2025-02-12T15:05:00.000Z,155.22,155.22,155.16,155.16,131
2025-02-12T15:04:00.000Z,155.18,155.18,155.18,155.18,19
2025-02-12T15:03:00.000Z,155.2,155.21,155.15,155.2,665
2025-02-12T15:02:00.000Z,155.21,155.21,155.21,155.21,516
2025-02-12T15:01:00.000Z,155.25,155.25,155.17,155.21,742
2025-02-12T15:00:00.000Z,155.23,155.25,155.21,155.25,528
2025-02-12T14:59:00.000Z,155.22,155.22,155.17,155.19,771
2025-02-12T14:58:00.000Z,155.2,155.22,155.19,155.19,515
2025-02-12T14:57:00.000Z,155.23,155.23,155.15,155.15,617
2025-02-12T14:56:00.000Z,155.25,155.26,155.22,155.26,443
2025-02-12T14:55:00.000Z,155.21,155.24,155.21,155.23,621
2025-02-12T14:54:00.000Z,155.19,155.22,155.19,155.22,242
2025-02-12T14:53:00.000Z,155.17,155.19,155.17,155.19,131
2025-02-12T14:52:00.000Z,155.24,155.24,155.16,155.16,722
2025-02-12T14:51:00.000Z,155.26,155.26,155.26,155.26,10
2025-02-12T14:50:00.000Z,155.2,155.2,155.2,155.2,100
2025-02-12T14:49:00.000Z,155.29,155.29,155.22,155.22,252
2025-02-12T14:48:00.000Z,155.23,155.28,155.23,155.27,268
2025-02-12T14:47:00.000Z,155.13,155.19,155.13,155.16,677
2025-02-12T14:46:00.000Z,155.12,155.13,155.1,155.13,540
2025-02-12T14:45:00.000Z,155.03,155.1,155.03,155.1,563
2025-02-12T14:44:00.000Z,154.96,155.02,154.95,155.02,1123
2025-02-12T14:43:00.000Z,154.97,154.97,154.96,154.97,227
2025-02-12T14:42:00.000Z,155.01,155.01,154.97,154.97,62
2025-02-12T14:41:00.000Z,155.06,155.06,155.06,155.06,6
2025-02-12T14:40:00.000Z,155.16,155.16,155.09,155.09,173
2025-02-12T14:39:00.000Z,155.17,155.17,155.16,155.16,101
2025-02-12T14:38:00.000Z,155.15,155.15,155.14,155.15,129
2025-02-12T14:37:00.000Z,155.2,155.2,155.14,155.14,1162
2025-02-12T14:36:00.000Z,155.17,155.2,155.17,155.2,125
2025-02-12T14:35:00.000Z,155.14,155.15,155.14,155.15,205
2025-02-12T14:34:00.000Z,155.11,155.14,155.11,155.14,1504
2025-02-12T14:33:00.000Z,155.08,155.1,155.07,155.1,301
2025-02-12T14:32:00.000Z,155.02,155.02,155.02,155.02,2
2025-02-12T14:31:00.000Z,154.95,154.99,154.95,154.99,912
2025-02-12T14:30:00.000Z,154.88,154.92,154.88,154.92,786
2025-02-12T14:29:00.000Z,154.87,154.9,154.86,154.87,162
2025-02-12T14:28:00.000Z,154.86,154.87,154.85,154.87,208
2025-02-12T14:27:00.000Z,154.89,154.89,154.86,154.86,276
2025-02-12T14:26:00.000Z,154.88,154.88,154.88,154.88,3
2025-02-12T14:25:00.000Z,154.86,154.86,154.85,154.86,411
2025-02-12T14:24:00.000Z,154.94,154.96,154.88,154.89,342
2025-02-12T14:23:00.000Z,154.93,154.93,154.93,154.93,126
2025-02-12T14:22:00.000Z,154.93,154.94,154.9,154.93,164
2025-02-12T14:21:00.000Z,154.91,154.95,154.91,154.94,1507
2025-02-12T14:20:00.000Z,154.89,154.91,154.89,154.91,55
2025-02-12T14:19:00.000Z,154.85,154.86,154.85,154.86,169
2025-02-12T14:18:00.000Z,154.85,154.86,154.84,154.84,600
2025-02-12T14:17:00.000Z,154.83,154.87,154.8,154.85,295
2025-02-12T14:16:00.000Z,154.87,154.89,154.86,154.89,278
2025-02-12T14:15:00.000Z,154.89,154.89,154.85,154.87,8
2025-02-12T14:14:00.000Z,154.91,154.92,154.89,154.89,217
2025-02-12T14:13:00.000Z,154.88,154.91,154.88,154.91,81
2025-02-12T14:12:00.000Z,154.85,154.85,154.83,154.83,12
2025-02-12T14:11:00.000Z,154.99,154.99,154.9,154.9,1198
2025-02-12T14:10:00.000Z,155.03,155.03,155,155.03,961
2025-02-12T14:09:00.000Z,154.99,154.99,154.95,154.95,266
2025-02-12T14:08:00.000Z,154.97,154.97,154.94,154.97,409
2025-02-12T14:07:00.000Z,154.9,154.97,154.89,154.97,666
2025-02-12T14:06:00.000Z,154.86,154.89,154.85,154.85,1758
2025-02-12T14:05:00.000Z,154.85,154.86,154.83,154.86,447
2025-02-12T14:04:00.000Z,154.77,154.84,154.77,154.84,207
2025-02-12T14:03:00.000Z,154.72,154.77,154.72,154.76,209
2025-02-12T14:02:00.000Z,154.74,154.74,154.73,154.73,19
2025-02-12T14:01:00.000Z,154.77,154.77,154.75,154.75,15
2025-02-12T14:00:00.000Z,154.75,154.77,154.75,154.77,276
2025-02-12T13:59:00.000Z,154.76,154.77,154.75,154.77,403
2025-02-12T13:58:00.000Z,154.75,154.77,154.75,154.76,200
2025-02-12T13:57:00.000Z,154.78,154.78,154.78,154.78,120
2025-02-12T13:56:00.000Z,154.72,154.77,154.71,154.76,1716
2025-02-12T13:55:00.000Z,154.75,154.75,154.72,154.72,213
2025-02-12T13:54:00.000Z,154.73,154.75,154.71,154.75,229
2025-02-12T13:53:00.000Z,154.76,154.76,154.73,154.73,364
2025-02-12T13:52:00.000Z,154.77,154.77,154.76,154.76,303
2025-02-12T13:51:00.000Z,154.71,154.76,154.71,154.76,1299
2025-02-12T13:50:00.000Z,154.7,154.71,154.7,154.7,379
2025-02-12T13:49:00.000Z,154.77,154.77,154.72,154.72,427
2025-02-12T13:48:00.000Z,154.72,154.75,154.72,154.75,110
2025-02-12T13:47:00.000Z,154.72,154.72,154.71,154.72,214
2025-02-12T13:46:00.000Z,154.69,154.73,154.67,154.72,6277
2025-02-12T13:45:00.000Z,154.69,154.69,154.65,154.67,623
2025-02-12T13:44:00.000Z,154.69,154.69,154.69,154.69,397
2025-02-12T13:43:00.000Z,154.71,154.71,154.68,154.7,769
2025-02-12T13:42:00.000Z,154.73,154.73,154.71,154.71,141
2025-02-12T13:41:00.000Z,154.74,154.74,154.74,154.74,1129
2025-02-12T13:40:00.000Z,154.72,154.73,154.71,154.73,407
2025-02-12T13:39:00.000Z,154.73,154.73,154.71,154.71,777
2025-02-12T13:38:00.000Z,154.72,154.73,154.72,154.73,285
2025-02-12T13:37:00.000Z,154.68,154.7,154.67,154.7,1596
2025-02-12T13:36:00.000Z,154.67,154.68,154.67,154.67,826
2025-02-12T13:35:00.000Z,154.68,154.68,154.68,154.68,1302
2025-02-12T13:34:00.000Z,154.65,154.69,154.63,154.68,1051
2025-02-12T13:33:00.000Z,154.66,154.66,154.64,154.65,511
2025-02-12T13:32:00.000Z,154.63,154.65,154.63,154.65,1621
2025-02-12T13:31:00.000Z,154.65,154.65,154.61,154.61,494
2025-02-12T13:30:00.000Z,154.66,154.67,154.62,154.64,1929
2025-02-12T13:29:00.000Z,154.66,154.69,154.63,154.63,1031
2025-02-12T13:28:00.000Z,154.71,154.73,154.67,154.71,715
2025-02-12T13:27:00.000Z,154.76,154.78,154.7,154.71,1424
2025-02-12T13:26:00.000Z,154.8,154.8,154.75,154.76,171
2025-02-12T13:25:00.000Z,154.85,154.85,154.81,154.82,17
2025-02-12T13:24:00.000Z,154.89,154.91,154.87,154.87,304
2025-02-12T13:23:00.000Z,154.87,154.89,154.87,154.89,124
2025-02-12T13:22:00.000Z,154.78,154.87,154.78,154.87,1236
2025-02-12T13:21:00.000Z,154.83,154.83,154.77,154.8,191
2025-02-12T13:20:00.000Z,154.86,154.88,154.85,154.88,1342
2025-02-12T13:19:00.000Z,155.04,155.05,154.92,154.92,721
2025-02-12T13:18:00.000Z,155.12,155.13,155.07,155.1,1214
2025-02-12T13:17:00.000Z,155.03,155.11,155.03,155.1,1343
2025-02-12T13:16:00.000Z,155.03,155.03,155.03,155.03,1046
2025-02-12T13:15:00.000Z,155.07,155.07,155.03,155.03,1076
2025-02-12T13:14:00.000Z,154.99,155.07,154.99,155.07,1050
2025-02-12T13:13:00.000Z,155.06,155.06,154.98,155,1969
2025-02-12T13:12:00.000Z,155.05,155.05,155.03,155.04,144
2025-02-12T13:11:00.000Z,155.05,155.05,155.04,155.04,200
2025-02-12T13:10:00.000Z,155.08,155.1,155.07,155.08,795
2025-02-12T13:09:00.000Z,155.11,155.11,155.08,155.1,276
2025-02-12T13:08:00.000Z,155.08,155.11,155.08,155.11,102
2025-02-12T13:07:00.000Z,155.07,155.07,155.07,155.07,1
2025-02-12T13:06:00.000Z,155.08,155.1,155.07,155.1,28
2025-02-12T13:05:00.000Z,155.1,155.13,155.09,155.11,463
2025-02-12T13:04:00.000Z,155.17,155.18,155.15,155.15,229
2025-02-12T13:03:00.000Z,155.2,155.2,155.16,155.16,417
2025-02-12T13:02:00.000Z,155.22,155.22,155.2,155.2,55
2025-02-12T13:01:00.000Z,155.27,155.27,155.11,155.16,703
2025-02-12T13:00:00.000Z,155.27,155.28,155.27,155.28,307
2025-02-12T12:59:00.000Z,155.28,155.28,155.25,155.26,1300
2025-02-12T12:58:00.000Z,155.31,155.31,155.27,155.27,342
2025-02-12T12:57:00.000Z,155.27,155.32,155.27,155.31,204
2025-02-12T12:56:00.000Z,155.28,155.3,155.28,155.28,456
2025-02-12T12:55:00.000Z,155.28,155.29,155.28,155.29,86
2025-02-12T12:54:00.000Z,155.26,155.29,155.25,155.29,483
2025-02-12T12:53:00.000Z,155.27,155.27,155.27,155.27,25
2025-02-12T12:52:00.000Z,155.25,155.26,155.25,155.26,343
2025-02-12T12:51:00.000Z,155.28,155.28,155.28,155.28,160
2025-02-12T12:50:00.000Z,155.25,155.29,155.23,155.23,575
2025-02-12T12:49:00.000Z,155.25,155.25,155.17,155.24,599
2025-02-12T12:48:00.000Z,155.19,155.27,155.19,155.25,470
2025-02-12T12:47:00.000Z,155.19,155.19,155.19,155.19,424
2025-02-12T12:46:00.000Z,155.17,155.17,155.16,155.17,106
2025-02-12T12:45:00.000Z,155.19,155.19,155.16,155.16,354
2025-02-12T12:44:00.000Z,155.12,155.15,155.11,155.15,529
2025-02-12T12:43:00.000Z,155.1,155.14,155.1,155.12,957
2025-02-12T12:42:00.000Z,155.11,155.14,155.11,155.13,1566
2025-02-12T12:41:00.000Z,155.11,155.13,155.11,155.12,127
2025-02-12T12:40:00.000Z,155.13,155.13,155.11,155.11,135
2025-02-12T12:39:00.000Z,155.11,155.13,155.1,155.12,528
2025-02-12T12:38:00.000Z,155.18,155.21,155.1,155.11,410
2025-02-12T12:37:00.000Z,155.25,155.25,155.21,155.21,302
2025-02-12T12:36:00.000Z,155.2,155.25,155.2,155.24,441
2025-02-12T12:35:00.000Z,155.21,155.22,155.17,155.22,767
2025-02-12T12:34:00.000Z,155.24,155.24,155.22,155.23,241
2025-02-12T12:33:00.000Z,155.23,155.25,155.23,155.24,558
2025-02-12T12:32:00.000Z,155.23,155.23,155.21,155.21,500
2025-02-12T12:31:00.000Z,155.2,155.24,155.2,155.23,910
2025-02-12T12:30:00.000Z,155.13,155.17,155.12,155.17,257
2025-02-12T12:28:00.000Z,155.12,155.15,155.12,155.14,620
2025-02-12T12:27:00.000Z,155.12,155.12,155.12,155.12,352
2025-02-12T12:26:00.000Z,155.14,155.15,155.11,155.11,222
2025-02-12T12:25:00.000Z,155.16,155.16,155.1,155.1,465
2025-02-12T12:24:00.000Z,155.14,155.14,155.12,155.13,319
2025-02-12T12:23:00.000Z,155.15,155.15,155.11,155.11,313
2025-02-12T12:22:00.000Z,155.16,155.17,155.16,155.17,242
2025-02-12T12:21:00.000Z,155.1,155.11,155.07,155.11,295
2025-02-12T12:20:00.000Z,155.1,155.1,155.1,155.1,1
2025-02-12T12:19:00.000Z,155.06,155.06,155.02,155.02,221
2025-02-12T12:18:00.000Z,155.07,155.1,155.07,155.1,351
2025-02-12T12:17:00.000Z,155.05,155.05,155.01,155.01,13
2025-02-12T12:16:00.000Z,155.05,155.05,155.05,155.05,300
2025-02-12T12:15:00.000Z,155.09,155.09,155.07,155.07,389
2025-02-12T12:14:00.000Z,155.1,155.1,155.08,155.08,274
2025-02-12T12:13:00.000Z,154.95,155.04,154.95,155.04,558
2025-02-12T12:12:00.000Z,154.96,154.98,154.94,154.95,218
2025-02-12T12:11:00.000Z,155.1,155.1,154.96,154.98,644
2025-02-12T12:10:00.000Z,155.1,155.1,155.1,155.1,100
2025-02-12T12:09:00.000Z,155.06,155.08,155.04,155.08,403
2025-02-12T12:08:00.000Z,155.1,155.1,155.02,155.07,237
2025-02-12T12:07:00.000Z,155.1,155.1,155.1,155.1,8
2025-02-12T12:06:00.000Z,155.07,155.07,155.01,155.06,542
2025-02-12T12:05:00.000Z,155.07,155.07,155.07,155.07,130
2025-02-12T12:04:00.000Z,155.15,155.15,155.08,155.08,820
2025-02-12T12:03:00.000Z,155.22,155.22,155.17,155.17,242
2025-02-12T12:02:00.000Z,155.16,155.24,155.16,155.24,1172
2025-02-12T12:01:00.000Z,155.12,155.16,155.12,155.16,1242
2025-02-12T12:00:00.000Z,154.95,155.08,154.95,155.08,530
2025-02-12T11:59:00.000Z,154.85,155,154.85,154.95,829
2025-02-12T11:58:00.000Z,154.67,154.78,154.67,154.77,1184
2025-02-12T11:57:00.000Z,154.8,154.8,154.67,154.67,130
2025-02-12T11:56:00.000Z,154.69,154.75,154.68,154.75,828
2025-02-12T11:55:00.000Z,154.69,154.72,154.68,154.68,833
2025-02-12T11:54:00.000Z,154.68,154.73,154.67,154.73,591
2025-02-12T11:53:00.000Z,154.66,154.67,154.63,154.63,163
2025-02-12T11:52:00.000Z,154.62,154.69,154.62,154.69,875
2025-02-12T11:51:00.000Z,154.57,154.58,154.57,154.58,69
2025-02-12T11:50:00.000Z,154.59,154.59,154.59,154.59,122
2025-02-12T11:49:00.000Z,154.59,154.59,154.58,154.59,80
2025-02-12T11:48:00.000Z,154.59,154.61,154.56,154.6,807
2025-02-12T11:47:00.000Z,154.7,154.7,154.61,154.61,495
2025-02-12T11:46:00.000Z,154.74,154.74,154.7,154.7,169
2025-02-12T11:45:00.000Z,154.63,154.74,154.63,154.74,400
2025-02-12T11:44:00.000Z,154.62,154.64,154.62,154.63,436
2025-02-12T11:43:00.000Z,154.55,154.55,154.55,154.55,300
2025-02-12T11:42:00.000Z,154.48,154.54,154.47,154.53,620
2025-02-12T11:41:00.000Z,154.53,154.53,154.49,154.49,584
2025-02-12T11:40:00.000Z,154.55,154.55,154.54,154.55,93
2025-02-12T11:39:00.000Z,154.51,154.55,154.51,154.55,383
2025-02-12T11:38:00.000Z,154.55,154.55,154.53,154.53,734
2025-02-12T11:37:00.000Z,154.49,154.51,154.48,154.5,596
2025-02-12T11:36:00.000Z,154.52,154.52,154.45,154.48,111
2025-02-12T11:35:00.000Z,154.53,154.53,154.51,154.53,232
2025-02-12T11:34:00.000Z,154.57,154.57,154.53,154.53,310
2025-02-12T11:33:00.000Z,154.51,154.56,154.5,154.56,428
2025-02-12T11:32:00.000Z,154.51,154.54,154.51,154.54,215
2025-02-12T11:31:00.000Z,154.51,154.52,154.5,154.51,411
2025-02-12T11:30:00.000Z,154.53,154.53,154.46,154.48,202
2025-02-12T11:29:00.000Z,154.51,154.54,154.49,154.54,21
2025-02-12T11:28:00.000Z,154.51,154.51,154.51,154.51,38
2025-02-12T11:27:00.000Z,154.51,154.57,154.47,154.53,783
2025-02-12T11:26:00.000Z,154.48,154.56,154.48,154.54,1115
2025-02-12T11:25:00.000Z,154.49,154.5,154.47,154.48,666
2025-02-12T11:24:00.000Z,154.51,154.51,154.49,154.49,607
2025-02-12T11:23:00.000Z,154.44,154.48,154.44,154.48,247
2025-02-12T11:22:00.000Z,154.53,154.53,154.45,154.45,541
2025-02-12T11:21:00.000Z,154.54,154.55,154.5,154.54,875
2025-02-12T11:20:00.000Z,154.57,154.59,154.53,154.59,712
2025-02-12T11:18:00.000Z,154.54,154.59,154.54,154.55,695
2025-02-12T11:17:00.000Z,154.63,154.63,154.51,154.51,135
2025-02-12T11:16:00.000Z,154.66,154.67,154.62,154.62,320
2025-02-12T11:15:00.000Z,154.62,154.66,154.62,154.65,302
2025-02-12T11:14:00.000Z,154.62,154.63,154.62,154.62,113
2025-02-12T11:13:00.000Z,154.61,154.61,154.57,154.58,190
2025-02-12T11:12:00.000Z,154.62,154.63,154.55,154.6,630
2025-02-12T11:11:00.000Z,154.7,154.71,154.63,154.63,844
2025-02-12T11:10:00.000Z,154.63,154.68,154.63,154.63,351
2025-02-12T11:09:00.000Z,154.71,154.71,154.62,154.64,641
2025-02-12T11:08:00.000Z,154.7,154.7,154.7,154.7,50
2025-02-12T11:07:00.000Z,154.74,154.75,154.74,154.75,84
2025-02-12T11:06:00.000Z,154.71,154.71,154.65,154.67,251
2025-02-12T11:05:00.000Z,154.77,154.77,154.72,154.72,275
2025-02-12T11:04:00.000Z,154.85,154.85,154.75,154.76,188
2025-02-12T11:03:00.000Z,154.82,154.83,154.8,154.81,338
2025-02-12T11:02:00.000Z,154.82,154.82,154.8,154.8,14
2025-02-12T11:01:00.000Z,154.88,154.9,154.73,154.82,1231
2025-02-12T11:00:00.000Z,155.02,155.02,154.86,154.88,530
2025-02-12T10:59:00.000Z,155.06,155.07,155.02,155.02,335
2025-02-12T10:58:00.000Z,155.04,155.05,155.01,155.05,344
2025-02-12T10:57:00.000Z,154.99,155.02,154.99,155.02,59
2025-02-12T10:56:00.000Z,155.15,155.15,154.99,155.03,408
2025-02-12T10:55:00.000Z,155.25,155.25,155.16,155.17,314
2025-02-12T10:54:00.000Z,155.24,155.26,155.22,155.25,333
2025-02-12T10:53:00.000Z,155.05,155.23,155.05,155.23,509
2025-02-12T10:52:00.000Z,155.17,155.17,155.06,155.06,370
2025-02-12T10:51:00.000Z,155.24,155.27,155.17,155.17,418
2025-02-12T10:50:00.000Z,155.19,155.3,155.19,155.3,763
2025-02-12T10:49:00.000Z,155.04,155.19,155.04,155.19,480
2025-02-12T10:48:00.000Z,155,155.06,155,155.06,685
2025-02-12T10:47:00.000Z,154.89,155,154.89,155,113
2025-02-12T10:46:00.000Z,154.86,154.92,154.86,154.92,700
2025-02-12T10:45:00.000Z,154.91,154.93,154.84,154.84,355
2025-02-12T10:44:00.000Z,154.72,154.88,154.72,154.88,463
2025-02-12T10:43:00.000Z,154.66,154.72,154.66,154.71,893
2025-02-12T10:42:00.000Z,154.71,154.71,154.71,154.71,125
2025-02-12T10:40:00.000Z,154.82,154.82,154.64,154.64,273
2025-02-12T10:39:00.000Z,154.78,154.8,154.73,154.8,2181
2025-02-12T10:38:00.000Z,154.62,154.7,154.57,154.7,1110
2025-02-12T10:37:00.000Z,154.6,154.61,154.57,154.61,603
2025-02-12T10:36:00.000Z,154.66,154.68,154.59,154.64,266
2025-02-12T10:35:00.000Z,154.72,154.73,154.65,154.65,343
2025-02-12T10:34:00.000Z,154.69,154.72,154.63,154.69,1485
2025-02-12T10:33:00.000Z,154.59,154.66,154.57,154.66,366
2025-02-12T10:32:00.000Z,154.59,154.59,154.52,154.55,489
2025-02-12T10:31:00.000Z,154.56,154.62,154.52,154.59,453
2025-02-12T10:30:00.000Z,154.57,154.63,154.53,154.57,1558
2025-02-12T10:29:00.000Z,154.65,154.65,154.54,154.58,858
2025-02-12T10:28:00.000Z,154.7,154.7,154.6,154.63,1982
2025-02-12T10:27:00.000Z,154.76,154.78,154.68,154.71,736
2025-02-12T10:26:00.000Z,154.78,154.78,154.71,154.71,1032
2025-02-12T10:25:00.000Z,154.73,154.75,154.66,154.75,1627
2025-02-12T10:24:00.000Z,154.52,154.75,154.52,154.74,1109
2025-02-12T10:23:00.000Z,154.47,154.6,154.47,154.52,1082
2025-02-12T10:22:00.000Z,154.72,154.72,154.53,154.53,466
2025-02-12T10:21:00.000Z,154.73,154.75,154.68,154.68,429
2025-02-12T10:20:00.000Z,154.8,154.8,154.7,154.7,209
2025-02-12T10:19:00.000Z,154.76,154.81,154.75,154.81,120
2025-02-12T10:18:00.000Z,154.63,154.69,154.63,154.67,654
2025-02-12T10:17:00.000Z,154.61,154.66,154.61,154.64,206
2025-02-12T10:16:00.000Z,154.55,154.59,154.54,154.59,263
2025-02-12T10:15:00.000Z,154.6,154.61,154.54,154.57,453
2025-02-12T10:14:00.000Z,154.73,154.78,154.62,154.62,221
2025-02-12T10:13:00.000Z,154.78,154.81,154.7,154.73,2480
2025-02-12T10:12:00.000Z,154.46,154.7,154.46,154.69,1435
2025-02-12T10:11:00.000Z,154.49,154.49,154.37,154.44,1356
2025-02-12T10:10:00.000Z,154.52,154.52,154.46,154.49,1469
2025-02-12T10:09:00.000Z,154.6,154.64,154.53,154.53,341
2025-02-12T10:08:00.000Z,154.54,154.67,154.53,154.58,2702
2025-02-12T10:07:00.000Z,154.59,154.62,154.53,154.54,1106
2025-02-12T10:06:00.000Z,154.56,154.68,154.56,154.67,315
2025-02-12T10:05:00.000Z,154.58,154.61,154.53,154.59,570
2025-02-12T10:04:00.000Z,154.63,154.65,154.55,154.55,240
2025-02-12T10:03:00.000Z,154.6,154.64,154.49,154.62,318
2025-02-12T10:02:00.000Z,154.48,154.64,154.48,154.6,2220
2025-02-12T10:01:00.000Z,154.47,154.5,154.42,154.48,2282
2025-02-12T10:00:00.000Z,154.36,154.47,154.32,154.47,1212
2025-02-12T09:59:00.000Z,154.65,154.65,154.29,154.39,2144
2025-02-12T09:58:00.000Z,154.75,154.75,154.65,154.65,2883
2025-02-12T09:57:00.000Z,154.83,154.84,154.73,154.75,4500
2025-02-12T09:56:00.000Z,154.8,154.84,154.74,154.82,1283
2025-02-12T09:55:00.000Z,154.93,154.95,154.8,154.8,1396
2025-02-12T09:54:00.000Z,154.96,154.96,154.87,154.87,480
2025-02-12T09:53:00.000Z,154.91,154.99,154.91,154.92,238
2025-02-12T09:52:00.000Z,154.89,154.92,154.89,154.92,44
2025-02-12T09:51:00.000Z,154.89,154.89,154.85,154.89,834
2025-02-12T09:50:00.000Z,154.94,154.94,154.88,154.93,248
2025-02-12T09:49:00.000Z,154.75,154.85,154.74,154.84,769
2025-02-12T09:48:00.000Z,154.66,154.7,154.66,154.69,740
2025-02-12T09:47:00.000Z,154.67,154.78,154.59,154.78,875
2025-02-12T09:46:00.000Z,154.68,154.7,154.67,154.67,1033
2025-02-12T09:45:00.000Z,154.75,154.75,154.65,154.67,1773
2025-02-12T09:44:00.000Z,154.83,154.83,154.76,154.83,476
2025-02-12T09:43:00.000Z,154.7,154.83,154.68,154.83,943
2025-02-12T09:42:00.000Z,154.77,154.82,154.7,154.7,131
2025-02-12T09:41:00.000Z,154.84,154.94,154.72,154.72,1156
2025-02-12T09:40:00.000Z,155,155,154.84,154.84,107
2025-02-12T09:39:00.000Z,154.62,154.83,154.62,154.83,347
2025-02-12T09:38:00.000Z,154.73,154.74,154.6,154.6,813
2025-02-12T09:37:00.000Z,154.77,154.86,154.77,154.86,773
2025-02-12T09:36:00.000Z,154.83,154.83,154.75,154.78,769
2025-02-12T09:35:00.000Z,154.87,154.87,154.79,154.79,215
2025-02-12T09:34:00.000Z,155.07,155.07,154.92,154.93,616
2025-02-12T09:33:00.000Z,155.15,155.23,154.99,155.09,781
2025-02-12T09:32:00.000Z,155.05,155.24,155.05,155.24,1205
2025-02-12T09:31:00.000Z,155.35,155.35,154.99,155.03,1004
2025-02-12T09:30:00.000Z,155.35,155.49,155.29,155.29,650
